Workbook

Sheet Параметры
A1: academic_period_id | B1: academic_period_name | C1: days | D1: slots | E1: seed
A2: 1 | B2: 2025/2026 (2 семестр) | C2: 5 | D2: 5

Sheet Данные
A1: Группа | B1: Дисциплина | C1: Семестр | D1: Преподаватель | E1: Аудитория | F1: Приоритет | G1: Количество_пар | H1: Subject_ID | I1: Teacher_ID | J1: Audience_ID
A2: 501 | B2: Organizaciya | C2: 6 | H2: 2 | I2: ==VLOOKUP(D2, Справочник_преподавателей!A1:B5, 2, FALSE) | J2: ==VLOOKUP(E2, Справочник_аудиторий!A1:B3, 2, FALSE) -> 3
A3: 501 | B3: EOSI | C3: 6 | H3: 1 | I3: ==VLOOKUP(D3, Справочник_преподавателей!A1:B5, 2, FALSE) | J3: ==VLOOKUP(E3, Справочник_аудиторий!A1:B3, 2, FALSE) -> 2
A4: СА-502 | B4: Алгоритмизация | C4: 4 | H4: 4 | I4: ==VLOOKUP(D4, Справочник_преподавателей!A1:B5, 2, FALSE) | J4: ==VLOOKUP(E4, Справочник_аудиторий!A1:B3, 2, FALSE) -> 3
A5: СА-502 | B5: Операционные системы и среды | C5: 4 | H5: 3 | I5: ==VLOOKUP(D5, Справочник_преподавателей!A1:B5, 2, FALSE) | J5: ==VLOOKUP(E5, Справочник_аудиторий!A1:B3, 2, FALSE) -> 4
A6: СА-503 | B6: Литература | C6: 1 | H6: 12 | I6: ==VLOOKUP(D6, Справочник_преподавателей!A1:B5, 2, FALSE) | J6: ==VLOOKUP(E6, Справочник_аудиторий!A1:B3, 2, FALSE) -> 4
A7: СА-503 | B7: Информатика | C7: 1 | H7: 11 | I7: ==VLOOKUP(D7, Справочник_преподавателей!A1:B5, 2, FALSE) | J7: ==VLOOKUP(E7, Справочник_аудиторий!A1:B3, 2, FALSE) -> 2
A8: СА-503 | B8: Русский язык | C8: 1 | H8: 10 | I8: ==VLOOKUP(D8, Справочник_преподавателей!A1:B5, 2, FALSE) | J8: ==VLOOKUP(E8, Справочник_аудиторий!A1:B3, 2, FALSE) -> 4
A9: СА-503 | B9: Математика | C9: 1 | H9: 9 | I9: ==VLOOKUP(D9, Справочник_преподавателей!A1:B5, 2, FALSE) | J9: ==VLOOKUP(E9, Справочник_аудиторий!A1:B3, 2, FALSE) -> 3
I10: ==VLOOKUP(D10, Справочник_преподавателей!A1:B5, 2, FALSE) | J10: ==VLOOKUP(E10, Справочник_аудиторий!A1:B3, 2, FALSE)
I11: ==VLOOKUP(D11, Справочник_преподавателей!A1:B5, 2, FALSE) | J11: ==VLOOKUP(E11, Справочник_аудиторий!A1:B3, 2, FALSE)
I12: ==VLOOKUP(D12, Справочник_преподавателей!A1:B5, 2, FALSE) | J12: ==VLOOKUP(E12, Справочник_аудиторий!A1:B3, 2, FALSE)
I13: ==VLOOKUP(D13, Справочник_преподавателей!A1:B5, 2, FALSE) | J13: ==VLOOKUP(E13, Справочник_аудиторий!A1:B3, 2, FALSE)
I14: ==VLOOKUP(D14, Справочник_преподавателей!A1:B5, 2, FALSE) | J14: ==VLOOKUP(E14, Справочник_аудиторий!A1:B3, 2, FALSE)
I15: ==VLOOKUP(D15, Справочник_преподавателей!A1:B5, 2, FALSE) | J15: ==VLOOKUP(E15, Справочник_аудиторий!A1:B3, 2, FALSE)
I16: ==VLOOKUP(D16, Справочник_преподавателей!A1:B5, 2, FALSE) | J16: ==VLOOKUP(E16, Справочник_аудиторий!A1:B3, 2, FALSE)
I17: ==VLOOKUP(D17, Справочник_преподавателей!A1:B5, 2, FALSE) | J17: ==VLOOKUP(E17, Справочник_аудиторий!A1:B3, 2, FALSE)
I18: ==VLOOKUP(D18, Справочник_преподавателей!A1:B5, 2, FALSE) | J18: ==VLOOKUP(E18, Справочник_аудиторий!A1:B3, 2, FALSE)
I19: ==VLOOKUP(D19, Справочник_преподавателей!A1:B5, 2, FALSE) | J19: ==VLOOKUP(E19, Справочник_аудиторий!A1:B3, 2, FALSE)
I20: ==VLOOKUP(D20, Справочник_преподавателей!A1:B5, 2, FALSE) | J20: ==VLOOKUP(E20, Справочник_аудиторий!A1:B3, 2, FALSE)
I21: ==VLOOKUP(D21, Справочник_преподавателей!A1:B5, 2, FALSE) | J21: ==VLOOKUP(E21, Справочник_аудиторий!A1:B3, 2, FALSE)
I22: ==VLOOKUP(D22, Справочник_преподавателей!A1:B5, 2, FALSE) | J22: ==VLOOKUP(E22, Справочник_аудиторий!A1:B3, 2, FALSE)
I23: ==VLOOKUP(D23, Справочник_преподавателей!A1:B5, 2, FALSE) | J23: ==VLOOKUP(E23, Справочник_аудиторий!A1:B3, 2, FALSE)
I24: ==VLOOKUP(D24, Справочник_преподавателей!A1:B5, 2, FALSE) | J24: ==VLOOKUP(E24, Справочник_аудиторий!A1:B3, 2, FALSE)
I25: ==VLOOKUP(D25, Справочник_преподавателей!A1:B5, 2, FALSE) | J25: ==VLOOKUP(E25, Справочник_аудиторий!A1:B3, 2, FALSE)
I26: ==VLOOKUP(D26, Справочник_преподавателей!A1:B5, 2, FALSE) | J26: ==VLOOKUP(E26, Справочник_аудиторий!A1:B3, 2, FALSE)
I27: ==VLOOKUP(D27, Справочник_преподавателей!A1:B5, 2, FALSE) | J27: ==VLOOKUP(E27, Справочник_аудиторий!A1:B3, 2, FALSE)
I28: ==VLOOKUP(D28, Справочник_преподавателей!A1:B5, 2, FALSE) | J28: ==VLOOKUP(E28, Справочник_аудиторий!A1:B3, 2, FALSE)
I29: ==VLOOKUP(D29, Справочник_преподавателей!A1:B5, 2, FALSE) | J29: ==VLOOKUP(E29, Справочник_аудиторий!A1:B3, 2, FALSE)
I30: ==VLOOKUP(D30, Справочник_преподавателей!A1:B5, 2, FALSE) | J30: ==VLOOKUP(E30, Справочник_аудиторий!A1:B3, 2, FALSE)
I31: ==VLOOKUP(D31, Справочник_преподавателей!A1:B5, 2, FALSE) | J31: ==VLOOKUP(E31, Справочник_аудиторий!A1:B3, 2, FALSE)
I32: ==VLOOKUP(D32, Справочник_преподавателей!A1:B5, 2, FALSE) | J32: ==VLOOKUP(E32, Справочник_аудиторий!A1:B3, 2, FALSE)
I33: ==VLOOKUP(D33, Справочник_преподавателей!A1:B5, 2, FALSE) | J33: ==VLOOKUP(E33, Справочник_аудиторий!A1:B3, 2, FALSE)
I34: ==VLOOKUP(D34, Справочник_преподавателей!A1:B5, 2, FALSE) | J34: ==VLOOKUP(E34, Справочник_аудиторий!A1:B3, 2, FALSE)
I35: ==VLOOKUP(D35, Справочник_преподавателей!A1:B5, 2, FALSE) | J35: ==VLOOKUP(E35, Справочник_аудиторий!A1:B3, 2, FALSE)
I36: ==VLOOKUP(D36, Справочник_преподавателей!A1:B5, 2, FALSE) | J36: ==VLOOKUP(E36, Справочник_аудиторий!A1:B3, 2, FALSE)
I37: ==VLOOKUP(D37, Справочник_преподавателей!A1:B5, 2, FALSE) | J37: ==VLOOKUP(E37, Справочник_аудиторий!A1:B3, 2, FALSE)
I38: ==VLOOKUP(D38, Справочник_преподавателей!A1:B5, 2, FALSE) | J38: ==VLOOKUP(E38, Справочник_аудиторий!A1:B3, 2, FALSE)
I39: ==VLOOKUP(D39, Справочник_преподавателей!A1:B5, 2, FALSE) | J39: ==VLOOKUP(E39, Справочник_аудиторий!A1:B3, 2, FALSE)
I40: ==VLOOKUP(D40, Справочник_преподавателей!A1:B5, 2, FALSE) | J40: ==VLOOKUP(E40, Справочник_аудиторий!A1:B3, 2, FALSE)
I41: ==VLOOKUP(D41, Справочник_преподавателей!A1:B5, 2, FALSE) | J41: ==VLOOKUP(E41, Справочник_аудиторий!A1:B3, 2, FALSE)
I42: ==VLOOKUP(D42, Справочник_преподавателей!A1:B5, 2, FALSE) | J42: ==VLOOKUP(E42, Справочник_аудиторий!A1:B3, 2, FALSE)
I43: ==VLOOKUP(D43, Справочник_преподавателей!A1:B5, 2, FALSE) | J43: ==VLOOKUP(E43, Справочник_аудиторий!A1:B3, 2, FALSE)
I44: ==VLOOKUP(D44, Справочник_преподавателей!A1:B5, 2, FALSE) | J44: ==VLOOKUP(E44, Справочник_аудиторий!A1:B3, 2, FALSE)
I45: ==VLOOKUP(D45, Справочник_преподавателей!A1:B5, 2, FALSE) | J45: ==VLOOKUP(E45, Справочник_аудиторий!A1:B3, 2, FALSE)
I46: ==VLOOKUP(D46, Справочник_преподавателей!A1:B5, 2, FALSE) | J46: ==VLOOKUP(E46, Справочник_аудиторий!A1:B3, 2, FALSE)
I47: ==VLOOKUP(D47, Справочник_преподавателей!A1:B5, 2, FALSE) | J47: ==VLOOKUP(E47, Справочник_аудиторий!A1:B3, 2, FALSE)
I48: ==VLOOKUP(D48, Справочник_преподавателей!A1:B5, 2, FALSE) | J48: ==VLOOKUP(E48, Справочник_аудиторий!A1:B3, 2, FALSE)
I49: ==VLOOKUP(D49, Справочник_преподавателей!A1:B5, 2, FALSE) | J49: ==VLOOKUP(E49, Справочник_аудиторий!A1:B3, 2, FALSE)
I50: ==VLOOKUP(D50, Справочник_преподавателей!A1:B5, 2, FALSE) | J50: ==VLOOKUP(E50, Справочник_аудиторий!A1:B3, 2, FALSE)
I51: ==VLOOKUP(D51, Справочник_преподавателей!A1:B5, 2, FALSE) | J51: ==VLOOKUP(E51, Справочник_аудиторий!A1:B3, 2, FALSE)
I52: ==VLOOKUP(D52, Справочник_преподавателей!A1:B5, 2, FALSE) | J52: ==VLOOKUP(E52, Справочник_аудиторий!A1:B3, 2, FALSE)
I53: ==VLOOKUP(D53, Справочник_преподавателей!A1:B5, 2, FALSE) | J53: ==VLOOKUP(E53, Справочник_аудиторий!A1:B3, 2, FALSE)
I54: ==VLOOKUP(D54, Справочник_преподавателей!A1:B5, 2, FALSE) | J54: ==VLOOKUP(E54, Справочник_аудиторий!A1:B3, 2, FALSE)
I55: ==VLOOKUP(D55, Справочник_преподавателей!A1:B5, 2, FALSE) | J55: ==VLOOKUP(E55, Справочник_аудиторий!A1:B3, 2, FALSE)
I56: ==VLOOKUP(D56, Справочник_преподавателей!A1:B5, 2, FALSE) | J56: ==VLOOKUP(E56, Справочник_аудиторий!A1:B3, 2, FALSE)
I57: ==VLOOKUP(D57, Справочник_преподавателей!A1:B5, 2, FALSE) | J57: ==VLOOKUP(E57, Справочник_аудиторий!A1:B3, 2, FALSE)
I58: ==VLOOKUP(D58, Справочник_преподавателей!A1:B5, 2, FALSE) | J58: ==VLOOKUP(E58, Справочник_аудиторий!A1:B3, 2, FALSE)
I59: ==VLOOKUP(D59, Справочник_преподавателей!A1:B5, 2, FALSE) | J59: ==VLOOKUP(E59, Справочник_аудиторий!A1:B3, 2, FALSE)
I60: ==VLOOKUP(D60, Справочник_преподавателей!A1:B5, 2, FALSE) | J60: ==VLOOKUP(E60, Справочник_аудиторий!A1:B3, 2, FALSE)
I61: ==VLOOKUP(D61, Справочник_преподавателей!A1:B5, 2, FALSE) | J61: ==VLOOKUP(E61, Справочник_аудиторий!A1:B3, 2, FALSE)
I62: ==VLOOKUP(D62, Справочник_преподавателей!A1:B5, 2, FALSE) | J62: ==VLOOKUP(E62, Справочник_аудиторий!A1:B3, 2, FALSE)
I63: ==VLOOKUP(D63, Справочник_преподавателей!A1:B5, 2, FALSE) | J63: ==VLOOKUP(E63, Справочник_аудиторий!A1:B3, 2, FALSE)
I64: ==VLOOKUP(D64, Справочник_преподавателей!A1:B5, 2, FALSE) | J64: ==VLOOKUP(E64, Справочник_аудиторий!A1:B3, 2, FALSE)
I65: ==VLOOKUP(D65, Справочник_преподавателей!A1:B5, 2, FALSE) | J65: ==VLOOKUP(E65, Справочник_аудиторий!A1:B3, 2, FALSE)
I66: ==VLOOKUP(D66, Справочник_преподавателей!A1:B5, 2, FALSE) | J66: ==VLOOKUP(E66, Справочник_аудиторий!A1:B3, 2, FALSE)
I67: ==VLOOKUP(D67, Справочник_преподавателей!A1:B5, 2, FALSE) | J67: ==VLOOKUP(E67, Справочник_аудиторий!A1:B3, 2, FALSE)
I68: ==VLOOKUP(D68, Справочник_преподавателей!A1:B5, 2, FALSE) | J68: ==VLOOKUP(E68, Справочник_аудиторий!A1:B3, 2, FALSE)
I69: ==VLOOKUP(D69, Справочник_преподавателей!A1:B5, 2, FALSE) | J69: ==VLOOKUP(E69, Справочник_аудиторий!A1:B3, 2, FALSE)
I70: ==VLOOKUP(D70, Справочник_преподавателей!A1:B5, 2, FALSE) | J70: ==VLOOKUP(E70, Справочник_аудиторий!A1:B3, 2, FALSE)
I71: ==VLOOKUP(D71, Справочник_преподавателей!A1:B5, 2, FALSE) | J71: ==VLOOKUP(E71, Справочник_аудиторий!A1:B3, 2, FALSE)
I72: ==VLOOKUP(D72, Справочник_преподавателей!A1:B5, 2, FALSE) | J72: ==VLOOKUP(E72, Справочник_аудиторий!A1:B3, 2, FALSE)
I73: ==VLOOKUP(D73, Справочник_преподавателей!A1:B5, 2, FALSE) | J73: ==VLOOKUP(E73, Справочник_аудиторий!A1:B3, 2, FALSE)
I74: ==VLOOKUP(D74, Справочник_преподавателей!A1:B5, 2, FALSE) | J74: ==VLOOKUP(E74, Справочник_аудиторий!A1:B3, 2, FALSE)
I75: ==VLOOKUP(D75, Справочник_преподавателей!A1:B5, 2, FALSE) | J75: ==VLOOKUP(E75, Справочник_аудиторий!A1:B3, 2, FALSE)
I76: ==VLOOKUP(D76, Справочник_преподавателей!A1:B5, 2, FALSE) | J76: ==VLOOKUP(E76, Справочник_аудиторий!A1:B3, 2, FALSE)
I77: ==VLOOKUP(D77, Справочник_преподавателей!A1:B5, 2, FALSE) | J77: ==VLOOKUP(E77, Справочник_аудиторий!A1:B3, 2, FALSE)
I78: ==VLOOKUP(D78, Справочник_преподавателей!A1:B5, 2, FALSE) | J78: ==VLOOKUP(E78, Справочник_аудиторий!A1:B3, 2, FALSE)
I79: ==VLOOKUP(D79, Справочник_преподавателей!A1:B5, 2, FALSE) | J79: ==VLOOKUP(E79, Справочник_аудиторий!A1:B3, 2, FALSE)
I80: ==VLOOKUP(D80, Справочник_преподавателей!A1:B5, 2, FALSE) | J80: ==VLOOKUP(E80, Справочник_аудиторий!A1:B3, 2, FALSE)
I81: ==VLOOKUP(D81, Справочник_преподавателей!A1:B5, 2, FALSE) | J81: ==VLOOKUP(E81, Справочник_аудиторий!A1:B3, 2, FALSE)
I82: ==VLOOKUP(D82, Справочник_преподавателей!A1:B5, 2, FALSE) | J82: ==VLOOKUP(E82, Справочник_аудиторий!A1:B3, 2, FALSE)
I83: ==VLOOKUP(D83, Справочник_преподавателей!A1:B5, 2, FALSE) | J83: ==VLOOKUP(E83, Справочник_аудиторий!A1:B3, 2, FALSE)
I84: ==VLOOKUP(D84, Справочник_преподавателей!A1:B5, 2, FALSE) | J84: ==VLOOKUP(E84, Справочник_аудиторий!A1:B3, 2, FALSE)
I85: ==VLOOKUP(D85, Справочник_преподавателей!A1:B5, 2, FALSE) | J85: ==VLOOKUP(E85, Справочник_аудиторий!A1:B3, 2, FALSE)
I86: ==VLOOKUP(D86, Справочник_преподавателей!A1:B5, 2, FALSE) | J86: ==VLOOKUP(E86, Справочник_аудиторий!A1:B3, 2, FALSE)
I87: ==VLOOKUP(D87, Справочник_преподавателей!A1:B5, 2, FALSE) | J87: ==VLOOKUP(E87, Справочник_аудиторий!A1:B3, 2, FALSE)
I88: ==VLOOKUP(D88, Справочник_преподавателей!A1:B5, 2, FALSE) | J88: ==VLOOKUP(E88, Справочник_аудиторий!A1:B3, 2, FALSE)
I89: ==VLOOKUP(D89, Справочник_преподавателей!A1:B5, 2, FALSE) | J89: ==VLOOKUP(E89, Справочник_аудиторий!A1:B3, 2, FALSE)
I90: ==VLOOKUP(D90, Справочник_преподавателей!A1:B5, 2, FALSE) | J90: ==VLOOKUP(E90, Справочник_аудиторий!A1:B3, 2, FALSE)
I91: ==VLOOKUP(D91, Справочник_преподавателей!A1:B5, 2, FALSE) | J91: ==VLOOKUP(E91, Справочник_аудиторий!A1:B3, 2, FALSE)
I92: ==VLOOKUP(D92, Справочник_преподавателей!A1:B5, 2, FALSE) | J92: ==VLOOKUP(E92, Справочник_аудиторий!A1:B3, 2, FALSE)
I93: ==VLOOKUP(D93, Справочник_преподавателей!A1:B5, 2, FALSE) | J93: ==VLOOKUP(E93, Справочник_аудиторий!A1:B3, 2, FALSE)
I94: ==VLOOKUP(D94, Справочник_преподавателей!A1:B5, 2, FALSE) | J94: ==VLOOKUP(E94, Справочник_аудиторий!A1:B3, 2, FALSE)
I95: ==VLOOKUP(D95, Справочник_преподавателей!A1:B5, 2, FALSE) | J95: ==VLOOKUP(E95, Справочник_аудиторий!A1:B3, 2, FALSE)
I96: ==VLOOKUP(D96, Справочник_преподавателей!A1:B5, 2, FALSE) | J96: ==VLOOKUP(E96, Справочник_аудиторий!A1:B3, 2, FALSE)
I97: ==VLOOKUP(D97, Справочник_преподавателей!A1:B5, 2, FALSE) | J97: ==VLOOKUP(E97, Справочник_аудиторий!A1:B3, 2, FALSE)
I98: ==VLOOKUP(D98, Справочник_преподавателей!A1:B5, 2, FALSE) | J98: ==VLOOKUP(E98, Справочник_аудиторий!A1:B3, 2, FALSE)
I99: ==VLOOKUP(D99, Справочник_преподавателей!A1:B5, 2, FALSE) | J99: ==VLOOKUP(E99, Справочник_аудиторий!A1:B3, 2, FALSE)
I100: ==VLOOKUP(D100, Справочник_преподавателей!A1:B5, 2, FALSE) | J100: ==VLOOKUP(E100, Справочник_аудиторий!A1:B3, 2, FALSE)
...

Sheet Справочник_преподавателей
A1: Teacher | B1: 2
A2: Teacher2 | B2: 3
A3: Лятти Алексей Александрович | B3: 6
A4: Петров Петр Петрович | B4: 9
A5: Преподов Препод Преподович | B5: 10

Sheet Справочник_аудиторий
A1: 409 | B1: 1
A2: 101 | B2: 2
A3: 308 | B3: 3
